"","Kingdom","Phylum","Class","Order","Family","Genus","Species"
"ASV365","Bacteria","Firmicutes","Clostridia","Clostridiales","Clostridiaceae_1",NA,NA
"ASV351","Bacteria","Firmicutes","Clostridia","Clostridiales","Clostridiaceae_1","Clostridium_sensu_stricto",NA
"ASV382","Bacteria","Firmicutes","Clostridia","Clostridiales","Clostridiaceae_1","Clostridium_sensu_stricto",NA
"ASV265","Bacteria","Firmicutes","Clostridia","Clostridiales","Clostridiaceae_1","Clostridium_sensu_stricto",NA
"ASV288","Bacteria","Firmicutes","Clostridia","Clostridiales","Clostridiaceae_1","Clostridium_sensu_stricto",NA
"ASV152","Bacteria","Firmicutes","Clostridia","Clostridiales","Clostridiaceae_1","Clostridium_sensu_stricto",NA
"ASV245","Bacteria","Firmicutes","Clostridia","Clostridiales","Clostridiaceae_1","Clostridium_sensu_stricto",NA
"ASV464","Bacteria","Firmicutes","Clostridia","Clostridiales","Clostridiaceae_1","Clostridium_sensu_stricto",NA
"ASV25","Bacteria","Firmicutes","Clostridia","Clostridiales","Clostridiaceae_1","Clostridium_sensu_stricto",NA
"ASV229","Bacteria","Firmicutes","Clostridia","Clostridiales","Clostridiaceae_1","Clostridium_sensu_stricto","novyi"
"ASV379","Bacteria","Firmicutes","Clostridia","Clostridiales","Clostridiaceae_1","Clostridium_sensu_stricto",NA
"ASV311","Bacteria","Firmicutes","Clostridia","Clostridiales","Clostridiaceae_1","Clostridium_sensu_stricto",NA
"ASV264","Bacteria","Firmicutes","Clostridia","Clostridiales","Clostridiaceae_1","Clostridium_sensu_stricto",NA
"ASV316","Bacteria","Firmicutes","Clostridia","Clostridiales","Clostridiaceae_1","Clostridium_sensu_stricto",NA
"ASV197","Bacteria","Firmicutes","Clostridia","Clostridiales","Clostridiaceae_1","Clostridium_sensu_stricto",NA
"ASV42","Bacteria","Firmicutes","Clostridia","Clostridiales","Clostridiaceae_1","Clostridium_sensu_stricto",NA
"ASV430","Bacteria","Firmicutes","Clostridia","Clostridiales","Clostridiaceae_1","Clostridium_sensu_stricto",NA
"ASV1480","Bacteria","Firmicutes","Clostridia","Clostridiales","Clostridiaceae_1","Clostridium_sensu_stricto",NA
"ASV70","Bacteria","Firmicutes","Clostridia","Clostridiales","Clostridiaceae_1","Clostridium_sensu_stricto","fallax"
"ASV127","Bacteria","Firmicutes","Clostridia","Clostridiales","Clostridiaceae_1","Clostridium_sensu_stricto",NA
"ASV338","Bacteria","Firmicutes","Clostridia","Clostridiales","Clostridiaceae_1","Clostridium_sensu_stricto",NA
"ASV1210","Bacteria","Firmicutes","Clostridia","Clostridiales","Clostridiaceae_1","Clostridium_sensu_stricto",NA
"ASV247","Bacteria","Firmicutes","Clostridia","Clostridiales","Clostridiaceae_1","Clostridium_sensu_stricto",NA
"ASV122","Bacteria","Firmicutes","Clostridia","Clostridiales","Clostridiaceae_1","Clostridium_sensu_stricto","moniliforme"
"ASV201","Bacteria","Firmicutes","Clostridia","Clostridiales","Clostridiaceae_1","Clostridium_sensu_stricto",NA
"ASV50","Bacteria","Firmicutes","Clostridia","Clostridiales","Clostridiaceae_1","Clostridium_sensu_stricto",NA
"ASV273","Bacteria","Firmicutes","Clostridia","Clostridiales","Clostridiaceae_1","Clostridium_sensu_stricto",NA
"ASV345","Bacteria","Firmicutes","Clostridia","Clostridiales","Clostridiaceae_1","Clostridium_sensu_stricto","colicanis"
"ASV409","Bacteria","Firmicutes","Clostridia","Clostridiales","Clostridiaceae_1","Clostridium_sensu_stricto","colicanis"
"ASV251","Bacteria","Firmicutes","Clostridia","Clostridiales","Clostridiaceae_1","Clostridium_sensu_stricto",NA
"ASV3","Bacteria","Firmicutes","Clostridia","Clostridiales","Clostridiaceae_1","Clostridium_sensu_stricto",NA
"ASV115","Bacteria","Firmicutes","Clostridia","Clostridiales","Clostridiaceae_1","Clostridium_sensu_stricto","perfringens"
"ASV200","Bacteria","Firmicutes","Clostridia","Clostridiales","Clostridiaceae_1","Clostridium_sensu_stricto",NA
"ASV132","Bacteria","Firmicutes","Clostridia","Clostridiales","Clostridiaceae_1","Clostridium_sensu_stricto",NA
"ASV175","Bacteria","Firmicutes","Clostridia","Clostridiales","Clostridiaceae_1","Clostridium_sensu_stricto",NA
"ASV299","Bacteria","Firmicutes","Clostridia","Clostridiales","Clostridiaceae_1","Clostridium_sensu_stricto",NA
"ASV196","Bacteria","Firmicutes","Clostridia","Clostridiales","Clostridiaceae_1","Clostridium_sensu_stricto",NA
"ASV348","Bacteria","Firmicutes","Clostridia","Clostridiales","Clostridiaceae_1","Clostridium_sensu_stricto",NA
"ASV86","Bacteria","Firmicutes","Clostridia","Clostridiales","Clostridiaceae_1","Clostridium_sensu_stricto","perfringens"
"ASV88","Bacteria","Firmicutes","Clostridia","Clostridiales","Clostridiaceae_1","Clostridium_sensu_stricto",NA
"ASV312","Bacteria","Firmicutes","Clostridia","Clostridiales","Clostridiaceae_1","Clostridium_sensu_stricto",NA
"ASV306","Bacteria","Firmicutes","Clostridia","Clostridiales","Clostridiaceae_1","Clostridium_sensu_stricto",NA
"ASV271","Bacteria","Firmicutes","Clostridia","Clostridiales","Clostridiaceae_1","Clostridium_sensu_stricto",NA
"ASV38","Bacteria","Firmicutes","Clostridia","Clostridiales","Clostridiaceae_1","Clostridium_sensu_stricto","vulturis"
"ASV159","Bacteria","Firmicutes","Clostridia","Clostridiales","Clostridiaceae_1","Clostridium_sensu_stricto",NA
"ASV302","Bacteria","Firmicutes","Clostridia","Clostridiales","Clostridiaceae_1","Clostridium_sensu_stricto",NA
"ASV329","Bacteria","Firmicutes","Clostridia","Clostridiales","Clostridiaceae_1","Hathewaya",NA
"ASV73","Bacteria","Firmicutes","Clostridia","Clostridiales","Clostridiaceae_1","Hathewaya","limosum"
"ASV380","Bacteria","Firmicutes","Clostridia","Clostridiales","Clostridiaceae_1","Hathewaya",NA
"ASV467","Bacteria","Firmicutes","Clostridia","Clostridiales","Clostridiaceae_1","Hathewaya",NA
"ASV358","Bacteria","Firmicutes","Clostridia","Clostridiales","Clostridiaceae_1","Hathewaya",NA
"ASV433","Bacteria","Firmicutes","Clostridia","Clostridiales","Peptostreptococcaceae","Romboutsia",NA
"ASV447","Bacteria","Firmicutes","Clostridia","Clostridiales","Peptostreptococcaceae","Romboutsia",NA
"ASV242","Bacteria","Firmicutes","Clostridia","Clostridiales","Peptostreptococcaceae","Romboutsia",NA
"ASV349","Bacteria","Firmicutes","Clostridia","Clostridiales","Peptostreptococcaceae","Romboutsia",NA
"ASV261","Bacteria","Firmicutes","Clostridia","Clostridiales","Peptostreptococcaceae","Clostridium_XI",NA
"ASV108","Bacteria","Firmicutes","Clostridia","Clostridiales","Peptostreptococcaceae","Clostridium_XI",NA
"ASV228","Bacteria","Firmicutes","Clostridia","Clostridiales","Peptostreptococcaceae","Clostridium_XI",NA
"ASV290","Bacteria","Firmicutes","Clostridia","Clostridiales","Peptostreptococcaceae","Clostridium_XI",NA
"ASV217","Bacteria","Firmicutes","Clostridia","Clostridiales","Peptostreptococcaceae","Clostridium_XI",NA
"ASV165","Bacteria","Firmicutes","Clostridia","Clostridiales","Peptostreptococcaceae","Clostridium_XI",NA
"ASV46","Bacteria","Firmicutes","Clostridia","Clostridiales","Peptostreptococcaceae","Clostridium_XI",NA
"ASV234","Bacteria","Firmicutes","Clostridia","Clostridiales","Peptostreptococcaceae","Clostridium_XI",NA
"ASV342","Bacteria","Firmicutes","Clostridia","Clostridiales","Peptostreptococcaceae","Terrisporobacter","glycolicus"
"ASV178","Bacteria","Firmicutes","Clostridia","Clostridiales","Peptostreptococcaceae","Clostridium_XI",NA
"ASV2","Bacteria","Firmicutes","Clostridia","Clostridiales","Peptostreptococcaceae","Clostridium_XI","hiranonis"
"ASV51","Bacteria","Firmicutes","Clostridia","Clostridiales","Peptostreptococcaceae","Clostridium_XI",NA
"ASV47","Bacteria","Firmicutes","Clostridia","Clostridiales","Peptostreptococcaceae","Clostridium_XI",NA
"ASV30","Bacteria","Firmicutes","Clostridia","Clostridiales","Peptostreptococcaceae","Peptostreptococcus",NA
"ASV216","Bacteria","Firmicutes","Clostridia","Clostridiales","Peptostreptococcaceae","Peptostreptococcus",NA
"ASV980","Bacteria","Firmicutes","Clostridia","Clostridiales","Clostridiales_Incertae_Sedis_XIII","Mogibacterium",NA
"ASV13","Bacteria","Firmicutes","Clostridia","Clostridiales","Clostridiales_Incertae_Sedis_XIII","Anaerovorax",NA
"ASV11","Bacteria","Actinobacteria","Actinobacteria","Coriobacteriales","Coriobacteriaceae","Collinsella",NA
"ASV169","Bacteria","Actinobacteria","Actinobacteria","Coriobacteriales","Coriobacteriaceae","Collinsella",NA
"ASV7","Bacteria","Actinobacteria","Actinobacteria","Coriobacteriales","Coriobacteriaceae","Collinsella",NA
"ASV40","Bacteria","Actinobacteria","Actinobacteria","Coriobacteriales","Coriobacteriaceae","Collinsella","tanakaei"
"ASV23","Bacteria","Actinobacteria","Actinobacteria","Coriobacteriales","Coriobacteriaceae","Collinsella",NA
"ASV72","Bacteria","Actinobacteria","Actinobacteria","Coriobacteriales","Coriobacteriaceae","Collinsella",NA
"ASV77","Bacteria","Actinobacteria","Actinobacteria","Coriobacteriales","Coriobacteriaceae","Olsenella",NA
"ASV241","Bacteria","Actinobacteria","Actinobacteria","Coriobacteriales","Coriobacteriaceae","Cryptobacterium",NA
"ASV39","Bacteria","Actinobacteria","Actinobacteria","Coriobacteriales","Coriobacteriaceae","Slackia",NA
"ASV308","Bacteria","Actinobacteria","Actinobacteria","Coriobacteriales","Coriobacteriaceae","Slackia","faecicanis"
"ASV413","Bacteria","Actinobacteria","Actinobacteria","Coriobacteriales","Coriobacteriaceae","Slackia",NA
"ASV112","Bacteria","Actinobacteria","Actinobacteria","Coriobacteriales","Coriobacteriaceae","Denitrobacterium",NA
"ASV742","Bacteria","Actinobacteria","Actinobacteria","Coriobacteriales","Coriobacteriaceae",NA,NA
"ASV164","Bacteria","Actinobacteria","Actinobacteria","Coriobacteriales","Coriobacteriaceae",NA,NA
"ASV385","Bacteria","Actinobacteria","Actinobacteria","Coriobacteriales","Coriobacteriaceae",NA,NA
"ASV779","Bacteria","Actinobacteria","Actinobacteria","Rubrobacterales","Rubrobacteraceae","Rubrobacter",NA
"ASV1066","Bacteria","Actinobacteria","Actinobacteria","Actinomycetales",NA,NA,NA
"ASV906","Bacteria","Actinobacteria","Actinobacteria","Actinomycetales","Cryptosporangiaceae","Cryptosporangium",NA
"ASV650","Bacteria","Actinobacteria","Actinobacteria","Actinomycetales","Bogoriellaceae","Georgenia","satyanarayanai"
"ASV612","Bacteria","Actinobacteria","Actinobacteria","Actinomycetales","Micrococcaceae","Kocuria",NA
"ASV458","Bacteria","Actinobacteria","Actinobacteria","Actinomycetales","Micrococcaceae","Kocuria",NA
"ASV187","Bacteria","Actinobacteria","Actinobacteria","Actinomycetales","Micrococcaceae","Kocuria",NA
"ASV322","Bacteria","Actinobacteria","Actinobacteria","Actinomycetales","Micrococcaceae","Micrococcus",NA
"ASV238","Bacteria","Actinobacteria","Actinobacteria","Actinomycetales","Micrococcaceae","Arthrobacter",NA
"ASV547","Bacteria","Actinobacteria","Actinobacteria","Actinomycetales","Micrococcaceae","Arthrobacter",NA
"ASV252","Bacteria","Actinobacteria","Actinobacteria","Actinomycetales","Micrococcaceae","Arthrobacter",NA
"ASV95","Bacteria","Actinobacteria","Actinobacteria","Actinomycetales","Micrococcaceae","Arthrobacter",NA
"ASV1336","Bacteria","Actinobacteria","Actinobacteria","Actinomycetales","Micrococcaceae","Enteractinococcus",NA
"ASV913","Bacteria","Actinobacteria","Actinobacteria","Actinomycetales",NA,NA,NA
"ASV1151","Bacteria","Actinobacteria","Actinobacteria","Actinomycetales","Actinomycetaceae","Actinomyces",NA
"ASV482","Bacteria","Actinobacteria","Actinobacteria","Actinomycetales","Actinomycetaceae","Actinomyces",NA
"ASV925","Bacteria","Actinobacteria","Actinobacteria","Actinomycetales","Actinomycetaceae","Actinomyces",NA
"ASV292","Bacteria","Actinobacteria","Actinobacteria","Actinomycetales","Dermabacteraceae","Brachybacterium",NA
"ASV582","Bacteria","Actinobacteria","Actinobacteria","Actinomycetales","Intrasporangiaceae","Ornithinimicrobium",NA
"ASV628","Bacteria","Actinobacteria","Actinobacteria","Actinomycetales","Cellulomonadaceae","Cellulomonas",NA
"ASV554","Bacteria","Actinobacteria","Actinobacteria","Actinomycetales","Cellulomonadaceae","Cellulomonas",NA
"ASV501","Bacteria","Actinobacteria","Actinobacteria","Actinomycetales","Cellulomonadaceae","Cellulomonas",NA
"ASV676","Bacteria","Actinobacteria","Actinobacteria","Actinomycetales","Cellulomonadaceae","Cellulomonas",NA
"ASV887","Bacteria","Actinobacteria","Actinobacteria","Actinomycetales","Sanguibacteraceae","Sanguibacter",NA
"ASV543","Bacteria","Actinobacteria","Actinobacteria","Actinomycetales","Microbacteriaceae","Pseudoclavibacter",NA
"ASV262","Bacteria","Actinobacteria","Actinobacteria","Actinomycetales","Microbacteriaceae","Canibacter","oris"
"ASV581","Bacteria","Actinobacteria","Actinobacteria","Actinomycetales","Microbacteriaceae","Microbacterium",NA
"ASV377","Bacteria","Actinobacteria","Actinobacteria","Actinomycetales","Microbacteriaceae","Microbacterium","esteraromaticum"
"ASV521","Bacteria","Actinobacteria","Actinobacteria","Actinomycetales","Microbacteriaceae","Microbacterium",NA
"ASV330","Bacteria","Actinobacteria","Actinobacteria","Actinomycetales","Microbacteriaceae","Agrococcus",NA
"ASV435","Bacteria","Actinobacteria","Actinobacteria","Actinomycetales","Microbacteriaceae","Agrococcus","carbonis"
"ASV570","Bacteria","Actinobacteria","Actinobacteria","Actinomycetales","Microbacteriaceae","Leucobacter",NA
"ASV758","Bacteria","Actinobacteria","Actinobacteria","Actinomycetales","Microbacteriaceae","Leifsonia",NA
"ASV848","Bacteria","Actinobacteria","Actinobacteria","Bifidobacteriales","Bifidobacteriaceae","Alloscardovia",NA
"ASV789","Bacteria","Actinobacteria","Actinobacteria","Actinomycetales","Geodermatophilaceae","Modestobacter",NA
"ASV685","Bacteria","Actinobacteria","Actinobacteria","Actinomycetales","Pseudonocardiaceae",NA,NA
"ASV899","Bacteria","Actinobacteria","Actinobacteria","Actinomycetales","Pseudonocardiaceae",NA,NA
"ASV497","Bacteria","Actinobacteria","Actinobacteria","Actinomycetales","Corynebacteriaceae","Corynebacterium",NA
"ASV752","Bacteria","Actinobacteria","Actinobacteria","Actinomycetales","Corynebacteriaceae","Corynebacterium",NA
"ASV893","Bacteria","Actinobacteria","Actinobacteria","Actinomycetales","Corynebacteriaceae","Corynebacterium",NA
"ASV331","Bacteria","Actinobacteria","Actinobacteria","Actinomycetales","Corynebacteriaceae","Corynebacterium",NA
"ASV868","Bacteria","Actinobacteria","Actinobacteria","Actinomycetales","Corynebacteriaceae","Corynebacterium",NA
"ASV880","Bacteria","Actinobacteria","Actinobacteria","Actinomycetales","Corynebacteriaceae","Corynebacterium",NA
"ASV400","Bacteria","Actinobacteria","Actinobacteria","Actinomycetales","Nocardiaceae","Rhodococcus","gordoniae"
"ASV512","Bacteria","Actinobacteria","Actinobacteria","Actinomycetales","Geodermatophilaceae","Geodermatophilus",NA
"ASV502","Bacteria","Actinobacteria","Actinobacteria","Actinomycetales","Geodermatophilaceae","Geodermatophilus",NA
"ASV725","Bacteria","Actinobacteria","Actinobacteria","Actinomycetales","Geodermatophilaceae","Blastococcus",NA
"ASV396","Bacteria","Actinobacteria","Actinobacteria","Actinomycetales","Geodermatophilaceae","Blastococcus",NA
"ASV334","Bacteria","Actinobacteria","Actinobacteria","Actinomycetales","Geodermatophilaceae","Blastococcus","aggregatus"
"ASV476","Bacteria","Actinobacteria","Actinobacteria","Actinomycetales","Geodermatophilaceae","Blastococcus",NA
"ASV736","Bacteria","Actinobacteria","Actinobacteria","Actinomycetales","Geodermatophilaceae","Geodermatophilus",NA
"ASV886","Bacteria","Actinobacteria","Actinobacteria","Actinomycetales","Geodermatophilaceae","Blastococcus",NA
"ASV608","Bacteria","Actinobacteria","Actinobacteria","Actinomycetales","Geodermatophilaceae","Geodermatophilus",NA
"ASV223","Bacteria","Actinobacteria","Actinobacteria","Actinomycetales","Geodermatophilaceae","Geodermatophilus",NA
"ASV689","Bacteria","Actinobacteria","Actinobacteria","Actinomycetales","Geodermatophilaceae","Geodermatophilus",NA
"ASV675","Bacteria","Actinobacteria","Actinobacteria","Actinomycetales","Geodermatophilaceae","Geodermatophilus",NA
"ASV640","Bacteria","Actinobacteria","Actinobacteria","Actinomycetales","Geodermatophilaceae","Geodermatophilus",NA
"ASV691","Bacteria","Actinobacteria","Actinobacteria","Actinomycetales","Geodermatophilaceae","Geodermatophilus",NA
"ASV984","Bacteria","Actinobacteria","Actinobacteria","Actinomycetales","Geodermatophilaceae","Geodermatophilus",NA
"ASV755","Bacteria","Actinobacteria","Actinobacteria","Actinomycetales","Pseudonocardiaceae","Pseudonocardia",NA
"ASV258","Bacteria","Actinobacteria","Actinobacteria","Actinomycetales","Pseudonocardiaceae","Pseudonocardia",NA
"ASV833","Bacteria","Actinobacteria","Actinobacteria","Actinomycetales","Pseudonocardiaceae","Pseudonocardia",NA
"ASV1100","Bacteria","Actinobacteria","Actinobacteria","Actinomycetales","Micromonosporaceae","Actinoplanes",NA
"ASV716","Bacteria","Actinobacteria","Actinobacteria","Actinomycetales","Micromonosporaceae",NA,NA
"ASV1165","Bacteria","Actinobacteria","Actinobacteria","Actinomycetales","Micromonosporaceae","Couchioplanes",NA
"ASV419","Bacteria","Actinobacteria","Actinobacteria","Actinomycetales","Micromonosporaceae","Micromonospora",NA
"ASV739","Bacteria","Actinobacteria","Actinobacteria","Actinomycetales","Micromonosporaceae","Actinoplanes",NA
"ASV652","Bacteria","Actinobacteria","Actinobacteria","Actinomycetales","Micromonosporaceae",NA,NA
"ASV765","Bacteria","Actinobacteria","Actinobacteria","Actinomycetales","Micromonosporaceae","Micromonospora",NA
"ASV577","Bacteria","Actinobacteria","Actinobacteria","Actinomycetales","Nocardioidaceae","Aeromicrobium","tamlense"
"ASV460","Bacteria","Actinobacteria","Actinobacteria","Actinomycetales","Nocardioidaceae","Nocardioides",NA
"ASV532","Bacteria","Actinobacteria","Actinobacteria","Actinomycetales","Nocardioidaceae","Marmoricola",NA
"ASV769","Bacteria","Actinobacteria","Actinobacteria","Actinomycetales","Nocardioidaceae","Marmoricola",NA
"ASV720","Bacteria","Actinobacteria","Actinobacteria","Actinomycetales","Nocardioidaceae","Marmoricola",NA
"ASV745","Bacteria","Actinobacteria","Actinobacteria","Actinomycetales","Propionibacteriaceae","Microlunatus",NA
"ASV569","Bacteria","Actinobacteria","Actinobacteria","Actinomycetales","Propionibacteriaceae","Microlunatus",NA
"ASV820","Bacteria","Actinobacteria","Actinobacteria","Actinomycetales","Propionibacteriaceae","Friedmanniella",NA
"ASV1140","Bacteria","Actinobacteria","Actinobacteria","Actinomycetales","Propionibacteriaceae","Tessaracoccus",NA
"ASV615","Bacteria","Actinobacteria","Actinobacteria","Actinomycetales","Propionibacteriaceae","Propionibacterium","acnes"
"ASV912","Bacteria","Firmicutes","Negativicutes","Selenomonadales","Acidaminococcaceae","Phascolarctobacterium",NA
"ASV158","Bacteria","Firmicutes","Negativicutes","Selenomonadales","Acidaminococcaceae","Phascolarctobacterium",NA
"ASV12","Bacteria","Firmicutes","Negativicutes","Selenomonadales","Acidaminococcaceae","Phascolarctobacterium","succinatutens"
"ASV176","Bacteria","Firmicutes","Negativicutes","Selenomonadales","Acidaminococcaceae","Phascolarctobacterium",NA
"ASV62","Bacteria","Firmicutes","Negativicutes","Selenomonadales","Acidaminococcaceae","Phascolarctobacterium",NA
"ASV677","Bacteria","Firmicutes","Negativicutes","Selenomonadales","Veillonellaceae","Veillonella",NA
"ASV922","Bacteria","Firmicutes","Negativicutes","Selenomonadales","Veillonellaceae","Veillonella",NA
"ASV52","Bacteria","Firmicutes","Negativicutes","Selenomonadales","Veillonellaceae","Megamonas",NA
"ASV336","Bacteria","Firmicutes","Negativicutes","Selenomonadales","Veillonellaceae","Megamonas",NA
"ASV1135","Bacteria","Firmicutes","Negativicutes","Selenomonadales","Veillonellaceae","Megamonas",NA
"ASV93","Bacteria","Firmicutes","Negativicutes","Selenomonadales","Veillonellaceae","Megamonas",NA
"ASV614","Bacteria","Firmicutes",NA,NA,NA,NA,NA
"ASV825","Bacteria","Firmicutes",NA,NA,NA,NA,NA
"ASV1235","Bacteria","Firmicutes","Clostridia","Clostridiales","Eubacteriaceae","Eubacterium",NA
"ASV871","Bacteria","Firmicutes","Clostridia","Clostridiales","Clostridiales_Incertae_Sedis_XI","Parvimonas",NA
"ASV740","Bacteria","Firmicutes","Clostridia","Clostridiales","Clostridiales_Incertae_Sedis_XI","Parvimonas",NA
"ASV703","Bacteria","Firmicutes","Clostridia","Clostridiales","Clostridiales_Incertae_Sedis_XI","Parvimonas",NA
"ASV286","Bacteria","Firmicutes","Clostridia","Clostridiales","Clostridiales_Incertae_Sedis_XI","Gallicola",NA
"ASV20","Bacteria","Firmicutes","Clostridia","Clostridiales","Peptoniphilaceae","Peptoniphilus","methioninivorax"
"ASV204","Bacteria","Firmicutes","Clostridia","Clostridiales","Peptoniphilaceae","Peptoniphilus",NA
"ASV6","Bacteria","Firmicutes","Clostridia","Clostridiales","Peptococcaceae_1","Peptococcus",NA
"ASV81","Bacteria","Firmicutes","Clostridia","Clostridiales","Peptococcaceae_1","Peptococcus",NA
"ASV89","Bacteria","Firmicutes","Clostridia","Clostridiales","Peptococcaceae_1","Peptococcus",NA
"ASV1257","Bacteria","Firmicutes","Clostridia","Clostridiales","Peptococcaceae_1",NA,NA
"ASV194","Bacteria","Firmicutes","Bacilli","Bacillales","Planococcaceae","Kurthia","zopfii"
"ASV157","Bacteria","Firmicutes","Bacilli","Bacillales","Planococcaceae","Kurthia",NA
"ASV985","Bacteria","Firmicutes","Bacilli","Bacillales","Staphylococcaceae","Jeotgalicoccus",NA
"ASV946","Bacteria","Firmicutes","Bacilli","Bacillales","Bacillaceae_1","Bacillus",NA
"ASV595","Bacteria","Firmicutes","Bacilli","Bacillales","Bacillaceae_1","Domibacillus",NA
"ASV601","Bacteria","Firmicutes","Bacilli","Bacillales","Bacillaceae_1","Domibacillus",NA
"ASV538","Bacteria","Firmicutes","Bacilli","Bacillales","Bacillaceae_1","Bacillus",NA
"ASV787","Bacteria","Firmicutes","Bacilli","Bacillales","Bacillaceae_1","Bacillus",NA
"ASV206","Bacteria","Firmicutes","Erysipelotrichia","Erysipelotrichales","Erysipelotrichaceae","Turicibacter",NA
"ASV445","Bacteria","Firmicutes","Bacilli","Bacillales","Bacillales_Incertae_Sedis_XI","Gemella",NA
"ASV1026","Bacteria","Firmicutes","Bacilli","Lactobacillales","Aerococcaceae","Facklamia",NA
"ASV438","Bacteria","Firmicutes","Bacilli","Lactobacillales","Carnobacteriaceae","Alkalibacterium",NA
"ASV284","Bacteria","Firmicutes","Bacilli","Lactobacillales","Carnobacteriaceae","Carnobacterium",NA
"ASV1012","Bacteria","Firmicutes","Bacilli","Lactobacillales","Enterococcaceae","Enterococcus",NA
"ASV526","Bacteria","Firmicutes","Bacilli","Lactobacillales","Enterococcaceae","Enterococcus",NA
"ASV48","Bacteria","Firmicutes","Bacilli","Lactobacillales","Enterococcaceae","Enterococcus",NA
"ASV163","Bacteria","Firmicutes","Bacilli","Lactobacillales","Enterococcaceae","Enterococcus",NA
"ASV1087","Bacteria","Firmicutes","Bacilli","Lactobacillales","Enterococcaceae","Vagococcus",NA
"ASV1138","Bacteria","Firmicutes","Bacilli","Lactobacillales","Enterococcaceae","Vagococcus",NA
"ASV406","Bacteria","Firmicutes","Bacilli","Lactobacillales","Enterococcaceae","Vagococcus",NA
"ASV872","Bacteria","Firmicutes","Bacilli","Bacillales","Planococcaceae","Bhargavaea",NA
"ASV298","Bacteria","Firmicutes","Bacilli","Bacillales","Planococcaceae","Planomicrobium",NA
"ASV450","Bacteria","Firmicutes","Bacilli","Bacillales","Planococcaceae",NA,NA
"ASV344","Bacteria","Firmicutes","Bacilli","Bacillales","Planococcaceae","Planococcus",NA
"ASV475","Bacteria","Firmicutes","Bacilli","Bacillales","Planococcaceae","Planomicrobium",NA
"ASV621","Bacteria","Firmicutes","Bacilli","Bacillales","Paenibacillaceae_1","Saccharibacillus",NA
"ASV214","Bacteria","Firmicutes","Erysipelotrichia","Erysipelotrichales","Erysipelotrichaceae","Coprobacillus",NA
"ASV41","Bacteria","Firmicutes","Erysipelotrichia","Erysipelotrichales","Erysipelotrichaceae","Coprobacillus",NA
"ASV107","Bacteria","Firmicutes","Erysipelotrichia","Erysipelotrichales","Erysipelotrichaceae","Coprobacillus",NA
"ASV944","Bacteria","Firmicutes","Erysipelotrichia","Erysipelotrichales","Erysipelotrichaceae","Clostridium_XVIII","ramosum"
"ASV150","Bacteria","Firmicutes","Erysipelotrichia","Erysipelotrichales","Erysipelotrichaceae",NA,NA
"ASV148","Bacteria","Firmicutes","Erysipelotrichia","Erysipelotrichales","Erysipelotrichaceae",NA,NA
"ASV384","Bacteria","Firmicutes","Erysipelotrichia","Erysipelotrichales","Erysipelotrichaceae",NA,NA
"ASV578","Bacteria","Firmicutes","Erysipelotrichia","Erysipelotrichales","Erysipelotrichaceae","Faecalicoccus",NA
"ASV924","Bacteria","Firmicutes","Erysipelotrichia","Erysipelotrichales","Erysipelotrichaceae","Faecalicoccus",NA
"ASV250","Bacteria","Firmicutes","Erysipelotrichia","Erysipelotrichales","Erysipelotrichaceae","Faecalitalea",NA
"ASV22","Bacteria","Firmicutes","Erysipelotrichia","Erysipelotrichales","Erysipelotrichaceae","Faecalitalea",NA
"ASV130","Bacteria","Firmicutes","Erysipelotrichia","Erysipelotrichales","Erysipelotrichaceae",NA,NA
"ASV434","Bacteria","Bacteroidetes","Bacteroidia","Bacteroidales","Bacteroidaceae","Anaerorhabdus",NA
"ASV183","Bacteria","Firmicutes","Erysipelotrichia","Erysipelotrichales","Erysipelotrichaceae","Solobacterium",NA
"ASV129","Bacteria","Firmicutes","Erysipelotrichia","Erysipelotrichales","Erysipelotrichaceae","Solobacterium","moorei"
"ASV519","Bacteria","Firmicutes","Erysipelotrichia","Erysipelotrichales","Erysipelotrichaceae","Solobacterium",NA
"ASV319","Bacteria","Firmicutes","Erysipelotrichia","Erysipelotrichales","Erysipelotrichaceae","Bulleidia",NA
"ASV155","Bacteria","Firmicutes","Erysipelotrichia","Erysipelotrichales","Erysipelotrichaceae",NA,NA
"ASV232","Bacteria","Firmicutes","Erysipelotrichia","Erysipelotrichales","Erysipelotrichaceae","Bulleidia",NA
"ASV818","Bacteria","Bacteroidetes","Bacteroidia","Bacteroidales","Bacteroidaceae","Anaerorhabdus",NA
"ASV85","Bacteria","Bacteroidetes","Bacteroidia","Bacteroidales","Bacteroidaceae","Bacteroides","uniformis"
"ASV21","Bacteria","Bacteroidetes","Bacteroidia","Bacteroidales","Bacteroidaceae","Bacteroides",NA
"ASV55","Bacteria","Bacteroidetes","Bacteroidia","Bacteroidales","Bacteroidaceae","Bacteroides",NA
"ASV327","Bacteria","Bacteroidetes","Bacteroidia","Bacteroidales","Bacteroidaceae","Bacteroides",NA
"ASV195","Bacteria","Bacteroidetes","Bacteroidia","Bacteroidales","Bacteroidaceae","Bacteroides",NA
"ASV154","Bacteria","Bacteroidetes","Bacteroidia","Bacteroidales","Bacteroidaceae","Bacteroides","massiliensis"
"ASV168","Bacteria","Bacteroidetes","Bacteroidia","Bacteroidales","Bacteroidaceae","Bacteroides","massiliensis"
"ASV102","Bacteria","Bacteroidetes","Bacteroidia","Bacteroidales","Bacteroidaceae","Bacteroides","vulgatus"
"ASV188","Bacteria","Bacteroidetes","Bacteroidia","Bacteroidales","Bacteroidaceae","Bacteroides","vulgatus"
"ASV133","Bacteria","Bacteroidetes","Bacteroidia","Bacteroidales","Bacteroidaceae","Bacteroides","vulgatus"
"ASV220","Bacteria","Bacteroidetes","Bacteroidia","Bacteroidales","Bacteroidaceae","Bacteroides",NA
"ASV222","Bacteria","Bacteroidetes","Bacteroidia","Bacteroidales","Bacteroidaceae","Bacteroides",NA
"ASV339","Bacteria","Bacteroidetes","Bacteroidia","Bacteroidales","Bacteroidaceae","Bacteroides",NA
"ASV259","Bacteria","Bacteroidetes","Bacteroidia","Bacteroidales","Bacteroidaceae","Bacteroides",NA
"ASV8","Bacteria","Bacteroidetes","Bacteroidia","Bacteroidales","Bacteroidaceae","Bacteroides",NA
"ASV219","Bacteria","Bacteroidetes","Bacteroidia","Bacteroidales","Bacteroidaceae","Bacteroides",NA
"ASV174","Bacteria","Bacteroidetes","Bacteroidia","Bacteroidales","Bacteroidaceae","Bacteroides",NA
"ASV16","Bacteria","Bacteroidetes","Bacteroidia","Bacteroidales","Bacteroidaceae","Bacteroides",NA
"ASV106","Bacteria","Bacteroidetes","Bacteroidia","Bacteroidales","Bacteroidaceae","Bacteroides",NA
"ASV15","Bacteria","Bacteroidetes","Bacteroidia","Bacteroidales","Bacteroidaceae","Bacteroides",NA
"ASV114","Bacteria","Bacteroidetes","Bacteroidia","Bacteroidales","Bacteroidaceae","Bacteroides",NA
"ASV134","Bacteria","Bacteroidetes","Bacteroidia","Bacteroidales","Bacteroidaceae","Bacteroides",NA
"ASV10","Bacteria","Bacteroidetes","Bacteroidia","Bacteroidales","Bacteroidaceae","Bacteroides",NA
"ASV44","Bacteria","Bacteroidetes","Bacteroidia","Bacteroidales","Bacteroidaceae","Bacteroides",NA
"ASV66","Bacteria","Bacteroidetes","Bacteroidia","Bacteroidales","Bacteroidaceae","Bacteroides",NA
"ASV278","Bacteria","Bacteroidetes","Bacteroidia","Bacteroidales","Bacteroidaceae","Bacteroides",NA
"ASV117","Bacteria","Bacteroidetes","Bacteroidia","Bacteroidales","Bacteroidaceae","Bacteroides",NA
"ASV121","Bacteria","Bacteroidetes","Bacteroidia","Bacteroidales","Bacteroidaceae","Bacteroides",NA
"ASV104","Bacteria","Bacteroidetes","Bacteroidia","Bacteroidales","Bacteroidaceae","Bacteroides",NA
"ASV674","Bacteria","Bacteroidetes","Bacteroidia","Bacteroidales","Bacteroidaceae","Bacteroides",NA
"ASV167","Bacteria","Bacteroidetes","Bacteroidia","Bacteroidales","Bacteroidaceae","Bacteroides",NA
"ASV58","Bacteria","Bacteroidetes","Bacteroidia","Bacteroidales","Bacteroidaceae","Bacteroides",NA
"ASV105","Bacteria","Bacteroidetes","Bacteroidia","Bacteroidales","Bacteroidaceae","Bacteroides",NA
"ASV103","Bacteria","Bacteroidetes","Bacteroidia","Bacteroidales","Bacteroidaceae","Bacteroides",NA
"ASV35","Bacteria","Bacteroidetes","Bacteroidia","Bacteroidales","Bacteroidaceae","Bacteroides",NA
"ASV694","Bacteria","Bacteroidetes","Bacteroidia","Bacteroidales","Bacteroidaceae","Bacteroides",NA
"ASV341","Bacteria","Bacteroidetes","Bacteroidia","Bacteroidales","Bacteroidaceae","Bacteroides",NA
"ASV74","Bacteria","Bacteroidetes","Bacteroidia","Bacteroidales","Bacteroidaceae","Bacteroides",NA
"ASV68","Bacteria","Bacteroidetes","Bacteroidia","Bacteroidales","Bacteroidaceae","Bacteroides",NA
"ASV177","Bacteria","Bacteroidetes","Bacteroidia","Bacteroidales","Bacteroidaceae","Bacteroides",NA
"ASV80","Bacteria","Bacteroidetes","Bacteroidia","Bacteroidales","Bacteroidaceae","Bacteroides",NA
"ASV5","Bacteria","Bacteroidetes","Bacteroidia","Bacteroidales","Bacteroidaceae","Bacteroides",NA
"ASV451","Bacteria","Bacteroidetes","Bacteroidia","Bacteroidales","Bacteroidaceae","Bacteroides",NA
"ASV123","Bacteria","Bacteroidetes","Bacteroidia","Bacteroidales","Bacteroidaceae","Bacteroides",NA
"ASV110","Bacteria","Bacteroidetes","Bacteroidia","Bacteroidales","Bacteroidaceae","Bacteroides",NA
"ASV65","Bacteria","Bacteroidetes","Bacteroidia","Bacteroidales","Bacteroidaceae","Bacteroides",NA
"ASV69","Bacteria","Bacteroidetes","Bacteroidia","Bacteroidales","Bacteroidaceae","Bacteroides",NA
"ASV116","Bacteria","Bacteroidetes","Bacteroidia","Bacteroidales","Bacteroidaceae","Bacteroides","finegoldii"
"ASV804","Bacteria","Bacteroidetes","Bacteroidia","Bacteroidales","Bacteroidaceae","Bacteroides",NA
"ASV4","Bacteria","Bacteroidetes","Bacteroidia","Bacteroidales","Prevotellaceae","Alloprevotella",NA
"ASV53","Bacteria","Bacteroidetes","Bacteroidia","Bacteroidales","Prevotellaceae","Alloprevotella",NA
"ASV54","Bacteria","Bacteroidetes","Bacteroidia","Bacteroidales","Prevotellaceae","Alloprevotella",NA
"ASV135","Bacteria","Bacteroidetes","Bacteroidia","Bacteroidales","Prevotellaceae","Alloprevotella",NA
"ASV34","Bacteria","Bacteroidetes","Bacteroidia","Bacteroidales","Prevotellaceae","Alloprevotella",NA
"ASV14","Bacteria","Bacteroidetes","Bacteroidia","Bacteroidales","Prevotellaceae","Alloprevotella",NA
"ASV71","Bacteria","Bacteroidetes","Bacteroidia","Bacteroidales","Prevotellaceae","Alloprevotella",NA
"ASV96","Bacteria","Bacteroidetes","Bacteroidia","Bacteroidales","Porphyromonadaceae","Parabacteroides","merdae"
"ASV757","Bacteria","Bacteroidetes","Bacteroidia","Bacteroidales","Porphyromonadaceae","Parabacteroides",NA
"ASV31","Bacteria","Bacteroidetes","Bacteroidia","Bacteroidales","Porphyromonadaceae","Parabacteroides",NA
"ASV246","Bacteria","Bacteroidetes","Bacteroidia","Bacteroidales","Porphyromonadaceae","Parabacteroides",NA
"ASV544","Bacteria","Bacteroidetes","Bacteroidia","Bacteroidales","Porphyromonadaceae","Barnesiella",NA
"ASV679","Bacteria","Bacteroidetes","Bacteroidia","Bacteroidales","Rikenellaceae","Alistipes","putredinis"
"ASV983","Bacteria","Bacteroidetes","Flavobacteriia","Flavobacteriales","Flavobacteriaceae","Chryseobacterium",NA
"ASV436","Bacteria","Bacteroidetes","Flavobacteriia","Flavobacteriales","Flavobacteriaceae","Chryseobacterium",NA
"ASV276","Bacteria","Bacteroidetes","Flavobacteriia","Flavobacteriales","Flavobacteriaceae","Chryseobacterium",NA
"ASV504","Bacteria","Bacteroidetes","Flavobacteriia","Flavobacteriales","Flavobacteriaceae","Chryseobacterium",NA
"ASV407","Bacteria","Bacteroidetes","Flavobacteriia","Flavobacteriales","Flavobacteriaceae","Chryseobacterium",NA
"ASV1032","Bacteria","Bacteroidetes","Flavobacteriia","Flavobacteriales","Flavobacteriaceae","Flavobacterium",NA
"ASV557","Bacteria","Bacteroidetes","Flavobacteriia","Flavobacteriales","Flavobacteriaceae","Flavobacterium",NA
"ASV317","Bacteria","Bacteroidetes","Flavobacteriia","Flavobacteriales","Flavobacteriaceae","Flavobacterium",NA
"ASV686","Bacteria","Bacteroidetes","Sphingobacteriia","Sphingobacteriales","Sphingobacteriaceae","Arcticibacter",NA
"ASV494","Bacteria","Bacteroidetes","Sphingobacteriia","Sphingobacteriales","Sphingobacteriaceae","Arcticibacter",NA
"ASV823","Bacteria","Bacteroidetes","Sphingobacteriia","Sphingobacteriales","Sphingobacteriaceae","Pedobacter",NA
"ASV270","Bacteria","Bacteroidetes","Sphingobacteriia","Sphingobacteriales","Sphingobacteriaceae","Pedobacter",NA
"ASV240","Bacteria","Bacteroidetes","Sphingobacteriia","Sphingobacteriales","Sphingobacteriaceae","Sphingobacterium","mizutaii"
"ASV353","Bacteria","Bacteroidetes","Sphingobacteriia","Sphingobacteriales","Sphingobacteriaceae","Sphingobacterium","daejeonense"
"ASV586","Bacteria","Bacteroidetes","Cytophagia","Cytophagales","Cytophagaceae","Rufibacter",NA
"ASV468","Bacteria","Bacteroidetes","Cytophagia","Cytophagales","Cytophagaceae","Rufibacter",NA
"ASV919","Bacteria","Bacteroidetes","Cytophagia","Cytophagales","Cytophagaceae","Nibribacter",NA
"ASV513","Bacteria","Bacteroidetes","Cytophagia","Cytophagales","Cytophagaceae","Pontibacter",NA
"ASV633","Bacteria","Bacteroidetes","Cytophagia","Cytophagales","Cytophagaceae","Pontibacter","populi"
"ASV632","Bacteria","Bacteroidetes","Cytophagia","Cytophagales","Cytophagaceae","Pontibacter",NA
"ASV665","Bacteria","Bacteroidetes","Cytophagia","Cytophagales","Cytophagaceae","Adhaeribacter",NA
"ASV613","Bacteria","Bacteroidetes","Cytophagia","Cytophagales","Cytophagaceae","Adhaeribacter",NA
"ASV918","Bacteria","Bacteroidetes","Cytophagia","Cytophagales","Cytophagaceae","Adhaeribacter",NA
"ASV478","Bacteria","Bacteroidetes","Cytophagia","Cytophagales","Cytophagaceae","Adhaeribacter",NA
"ASV687","Bacteria","Bacteroidetes","Cytophagia","Cytophagales","Cytophagaceae","Adhaeribacter",NA
"ASV936","Bacteria","Bacteroidetes","Cytophagia","Cytophagales","Cytophagaceae","Adhaeribacter",NA
"ASV790","Bacteria","Bacteroidetes","Sphingobacteriia","Sphingobacteriales","Chitinophagaceae","Flavisolibacter",NA
"ASV449","Bacteria","Bacteroidetes","Sphingobacteriia","Sphingobacteriales","Chitinophagaceae","Flavisolibacter",NA
"ASV253","Bacteria","Bacteroidetes","Sphingobacteriia","Sphingobacteriales","Chitinophagaceae","Flavisolibacter",NA
"ASV491","Bacteria","Bacteroidetes","Sphingobacteriia","Sphingobacteriales","Chitinophagaceae","Flavisolibacter",NA
"ASV750","Bacteria","Bacteroidetes","Sphingobacteriia","Sphingobacteriales","Chitinophagaceae","Cnuella",NA
"ASV37","Bacteria","Bacteroidetes","Bacteroidia","Bacteroidales","Porphyromonadaceae","Barnesiella",NA
"ASV189","Bacteria","Bacteroidetes","Bacteroidia","Bacteroidales","Porphyromonadaceae","Barnesiella",NA
"ASV609","Bacteria","Deinococcus-Thermus","Deinococci","Deinococcales","Deinococcaceae","Deinococcus","ficus"
"ASV646","Bacteria","Chloroflexi","Thermomicrobia","Sphaerobacterales","Sphaerobacteraceae",NA,NA
"ASV1156","Bacteria","Chloroflexi","Thermomicrobia","Sphaerobacterales","Sphaerobacteraceae","Nitrolancea",NA
"ASV683","Bacteria","Proteobacteria","Alphaproteobacteria","Caulobacterales","Caulobacteraceae","Brevundimonas",NA
"ASV959","Bacteria","Proteobacteria","Alphaproteobacteria","Caulobacterales","Caulobacteraceae","Brevundimonas",NA
"ASV548","Bacteria","Proteobacteria","Alphaproteobacteria","Rhodobacterales","Rhodobacteraceae",NA,NA
"ASV510","Bacteria","Proteobacteria","Alphaproteobacteria","Rhodobacterales","Rhodobacteraceae","Paracoccus","chinensis"
"ASV549","Bacteria","Proteobacteria","Alphaproteobacteria","Rhodobacterales","Rhodobacteraceae","Paracoccus",NA
"ASV727","Bacteria","Proteobacteria","Alphaproteobacteria","Rhodobacterales","Rhodobacteraceae","Paracoccus","denitrificans"
"ASV227","Bacteria","Proteobacteria","Alphaproteobacteria","Rhodobacterales","Rhodobacteraceae","Paracoccus","chinensis"
"ASV383","Bacteria","Proteobacteria","Alphaproteobacteria","Rhodobacterales","Rhodobacteraceae","Paracoccus",NA
"ASV367","Bacteria","Proteobacteria","Alphaproteobacteria","Rhodobacterales","Rhodobacteraceae","Paracoccus","siganidrum"
"ASV397","Bacteria","Proteobacteria","Alphaproteobacteria","Rhodobacterales","Rhodobacteraceae","Paracoccus","caeni"
"ASV473","Bacteria","Proteobacteria","Alphaproteobacteria","Rhodobacterales","Rhodobacteraceae","Paracoccus",NA
"ASV767","Bacteria","Proteobacteria","Alphaproteobacteria","Rhodobacterales","Rhodobacteraceae","Paracoccus",NA
"ASV559","Bacteria","Proteobacteria","Alphaproteobacteria","Rhodobacterales","Rhodobacteraceae","Paracoccus",NA
"ASV763","Bacteria","Proteobacteria","Alphaproteobacteria","Rhodobacterales","Rhodobacteraceae",NA,NA
"ASV550","Bacteria","Proteobacteria","Alphaproteobacteria","Rhodobacterales","Rhodobacteraceae","Paracoccus",NA
"ASV710","Bacteria","Proteobacteria","Alphaproteobacteria","Rhodobacterales","Rhodobacteraceae",NA,NA
"ASV368","Bacteria","Proteobacteria","Alphaproteobacteria","Rhodobacterales","Rhodobacteraceae","Gemmobacter",NA
"ASV418","Bacteria","Proteobacteria","Alphaproteobacteria","Rhodobacterales","Rhodobacteraceae","Rubellimicrobium",NA
"ASV602","Bacteria","Proteobacteria","Alphaproteobacteria","Rhodobacterales","Rhodobacteraceae","Rubellimicrobium",NA
"ASV391","Bacteria","Proteobacteria","Alphaproteobacteria","Rhodobacterales","Rhodobacteraceae","Rubellimicrobium",NA
"ASV711","Bacteria","Proteobacteria","Alphaproteobacteria","Rhodobacterales","Rhodobacteraceae","Rubellimicrobium",NA
"ASV992","Bacteria","Proteobacteria","Alphaproteobacteria","Rhodobacterales","Rhodobacteraceae","Rubellimicrobium",NA
"ASV885","Bacteria","Proteobacteria","Alphaproteobacteria","Rhodospirillales","Rhodospirillaceae","Skermanella",NA
"ASV673","Bacteria","Proteobacteria","Alphaproteobacteria","Rhodospirillales","Rhodospirillaceae","Skermanella",NA
"ASV796","Bacteria","Proteobacteria","Alphaproteobacteria","Rhodospirillales","Rhodospirillaceae","Skermanella",NA
"ASV398","Bacteria","Proteobacteria","Alphaproteobacteria","Rhodospirillales","Acetobacteraceae","Roseomonas","ludipueritiae"
"ASV655","Bacteria","Proteobacteria","Alphaproteobacteria","Rhodospirillales","Acetobacteraceae","Roseomonas",NA
"ASV781","Bacteria","Proteobacteria","Alphaproteobacteria","Rhodospirillales","Acetobacteraceae","Roseomonas",NA
"ASV957","Bacteria","Proteobacteria","Alphaproteobacteria","Rhizobiales","Rhizobiaceae","Neorhizobium",NA
"ASV672","Bacteria","Proteobacteria","Alphaproteobacteria","Rhizobiales","Rhizobiaceae","Rhizobium",NA
"ASV527","Bacteria","Proteobacteria","Alphaproteobacteria","Rhizobiales","Rhizobiaceae","Rhizobium","radiobacter"
"ASV859","Bacteria","Proteobacteria","Alphaproteobacteria","Rhizobiales","Rhizobiaceae","Rhizobium",NA
"ASV869","Bacteria","Proteobacteria","Alphaproteobacteria","Sphingomonadales","Sphingomonadaceae","Sandarakinorhabdus",NA
"ASV364","Bacteria","Proteobacteria","Alphaproteobacteria","Sphingomonadales","Sphingomonadaceae","Novosphingobium","barchaimii"
"ASV571","Bacteria","Proteobacteria","Alphaproteobacteria","Sphingomonadales","Sphingomonadaceae","Novosphingobium",NA
"ASV514","Bacteria","Proteobacteria","Alphaproteobacteria","Sphingomonadales","Erythrobacteraceae","Altererythrobacter",NA
"ASV701","Bacteria","Proteobacteria","Alphaproteobacteria","Sphingomonadales","Sphingomonadaceae","Sphingomonas","mucosissima"
"ASV690","Bacteria","Proteobacteria","Alphaproteobacteria","Sphingomonadales","Sphingomonadaceae","Sphingomonas",NA
"ASV728","Bacteria","Proteobacteria","Alphaproteobacteria","Sphingomonadales","Sphingomonadaceae","Sphingomonas",NA
"ASV738","Bacteria","Proteobacteria","Alphaproteobacteria","Sphingomonadales","Sphingomonadaceae","Sphingomonas",NA
"ASV783","Bacteria","Proteobacteria","Alphaproteobacteria","Sphingomonadales","Sphingomonadaceae","Sphingomonas",NA
"ASV638","Bacteria","Proteobacteria","Alphaproteobacteria","Sphingomonadales","Sphingomonadaceae","Sphingomonas",NA
"ASV958","Bacteria","Proteobacteria","Alphaproteobacteria","Sphingomonadales","Sphingomonadaceae","Sphingomonas",NA
"ASV684","Bacteria","Proteobacteria","Alphaproteobacteria","Sphingomonadales","Sphingomonadaceae","Sphingomonas",NA
"ASV712","Bacteria","Proteobacteria","Alphaproteobacteria","Sphingomonadales","Sphingomonadaceae","Sphingomonas",NA
"ASV718","Bacteria","Proteobacteria","Alphaproteobacteria","Sphingomonadales","Sphingomonadaceae","Sphingomonas",NA
"ASV402","Bacteria","Proteobacteria","Alphaproteobacteria","Rhizobiales","Methylobacteriaceae","Microvirga","aerilata"
"ASV722","Bacteria","Proteobacteria","Alphaproteobacteria","Rhizobiales","Methylobacteriaceae","Microvirga",NA
"ASV499","Bacteria","Proteobacteria","Alphaproteobacteria","Rhizobiales","Methylobacteriaceae","Microvirga","vignae"
"ASV717","Bacteria","Proteobacteria","Alphaproteobacteria","Rhizobiales","Methylobacteriaceae","Microvirga",NA
"ASV1024","Bacteria","Proteobacteria","Alphaproteobacteria","Rhizobiales","Methylobacteriaceae","Microvirga",NA
"ASV533","Bacteria","Proteobacteria","Alphaproteobacteria","Rhizobiales","Methylobacteriaceae","Microvirga",NA
"ASV605","Bacteria","Proteobacteria","Alphaproteobacteria","Rhizobiales","Methylobacteriaceae","Microvirga",NA
"ASV766","Bacteria","Proteobacteria","Alphaproteobacteria","Rhizobiales","Methylobacteriaceae","Microvirga",NA
"ASV500","Bacteria","Proteobacteria","Alphaproteobacteria","Rhizobiales","Methylobacteriaceae","Microvirga","guangxiensis"
"ASV572","Bacteria","Proteobacteria","Alphaproteobacteria","Rhizobiales","Methylobacteriaceae","Microvirga",NA
"ASV580","Bacteria","Proteobacteria","Alphaproteobacteria","Rhizobiales","Methylobacteriaceae",NA,NA
"ASV995","Bacteria","Proteobacteria","Alphaproteobacteria","Rhizobiales",NA,NA,NA
"ASV591","Bacteria","Proteobacteria","Alphaproteobacteria","Rhizobiales","Hyphomicrobiaceae","Devosia",NA
"ASV914","Bacteria","Proteobacteria","Alphaproteobacteria","Rhizobiales","Hyphomicrobiaceae","Devosia",NA
"ASV700","Bacteria","Proteobacteria","Alphaproteobacteria","Rhizobiales","Hyphomicrobiaceae","Devosia",NA
"ASV777","Bacteria","Proteobacteria","Alphaproteobacteria","Rhizobiales","Hyphomicrobiaceae","Devosia",NA
"ASV629","Bacteria","Proteobacteria","Alphaproteobacteria","Rhizobiales","Hyphomicrobiaceae","Devosia",NA
"ASV744","Bacteria","Proteobacteria","Alphaproteobacteria","Rhizobiales","Hyphomicrobiaceae","Devosia","submarina"
"ASV1275","Bacteria","Proteobacteria","Oligoflexia","Oligoflexales","Oligoflexaceae","Oligoflexus",NA
"ASV1167","Bacteria","Proteobacteria","Deltaproteobacteria","Myxococcales","Cystobacteraceae","Cystobacter",NA
"ASV759","Bacteria","Proteobacteria","Deltaproteobacteria","Myxococcales",NA,NA,NA
"ASV541","Bacteria","Proteobacteria","Deltaproteobacteria","Desulfovibrionales","Desulfovibrionaceae","Bilophila","wadsworthia"
"ASV907","Bacteria","Proteobacteria","Deltaproteobacteria","Desulfovibrionales","Desulfovibrionaceae","Bilophila",NA
"ASV1107","Bacteria","Acidobacteria","Acidobacteria_Gp6","Gp6",NA,NA,NA
"ASV218","Bacteria","Proteobacteria","Betaproteobacteria","Burkholderiales","Sutterellaceae","Sutterella",NA
"ASV255","Bacteria","Proteobacteria","Betaproteobacteria","Burkholderiales","Sutterellaceae","Sutterella",NA
"ASV778","Bacteria","Proteobacteria","Betaproteobacteria","Burkholderiales","Alcaligenaceae","Achromobacter",NA
"ASV1092","Bacteria","Proteobacteria","Betaproteobacteria",NA,NA,NA,NA
"ASV853","Bacteria","Proteobacteria","Gammaproteobacteria","Pseudomonadales","Pseudomonadaceae","Rhizobacter",NA
"ASV1030","Bacteria","Proteobacteria","Betaproteobacteria","Burkholderiales","Comamonadaceae","Acidovorax","temperans"
"ASV427","Bacteria","Proteobacteria","Betaproteobacteria","Burkholderiales","Comamonadaceae","Acidovorax",NA
"ASV764","Bacteria","Proteobacteria","Betaproteobacteria","Burkholderiales","Oxalobacteraceae",NA,NA
"ASV213","Bacteria","Proteobacteria","Betaproteobacteria","Burkholderiales","Oxalobacteraceae","Massilia",NA
"ASV99","Bacteria","Proteobacteria","Betaproteobacteria","Burkholderiales","Oxalobacteraceae","Massilia",NA
"ASV248","Bacteria","Proteobacteria","Betaproteobacteria","Burkholderiales","Oxalobacteraceae","Massilia",NA
"ASV585","Bacteria","Proteobacteria","Betaproteobacteria","Burkholderiales","Oxalobacteraceae","Massilia",NA
"ASV963","Bacteria","Proteobacteria","Betaproteobacteria","Burkholderiales","Oxalobacteraceae","Massilia",NA
"ASV540","Bacteria","Proteobacteria","Betaproteobacteria","Burkholderiales","Oxalobacteraceae","Massilia","albidiflava"
"ASV375","Bacteria","Proteobacteria","Betaproteobacteria","Burkholderiales","Oxalobacteraceae","Massilia",NA
"ASV607","Bacteria","Proteobacteria","Betaproteobacteria","Burkholderiales","Oxalobacteraceae","Massilia",NA
"ASV551","Bacteria","Proteobacteria","Betaproteobacteria","Burkholderiales","Oxalobacteraceae","Massilia",NA
"ASV45","Bacteria","Proteobacteria","Betaproteobacteria","Burkholderiales","Sutterellaceae","Parasutterella",NA
"ASV140","Bacteria","Proteobacteria","Betaproteobacteria","Burkholderiales","Sutterellaceae","Parasutterella",NA
"ASV389","Bacteria","Proteobacteria","Betaproteobacteria","Burkholderiales",NA,NA,NA
"ASV325","Bacteria","Proteobacteria","Betaproteobacteria","Burkholderiales",NA,NA,NA
"ASV281","Bacteria","Proteobacteria","Betaproteobacteria","Burkholderiales","Sutterellaceae","Sutterella",NA
"ASV24","Bacteria","Proteobacteria","Betaproteobacteria","Burkholderiales","Sutterellaceae","Sutterella",NA
"ASV136","Bacteria","Proteobacteria","Betaproteobacteria","Burkholderiales","Sutterellaceae","Sutterella",NA
"ASV64","Bacteria","Proteobacteria","Betaproteobacteria","Burkholderiales","Sutterellaceae","Sutterella",NA
"ASV283","Bacteria","Proteobacteria","Betaproteobacteria","Burkholderiales","Sutterellaceae","Sutterella",NA
"ASV303","Bacteria","Proteobacteria","Betaproteobacteria","Burkholderiales","Sutterellaceae","Sutterella",NA
"ASV355","Bacteria","Proteobacteria","Betaproteobacteria","Burkholderiales","Sutterellaceae","Sutterella",NA
"ASV354","Bacteria","Proteobacteria","Gammaproteobacteria","Pseudomonadales","Pseudomonadaceae","Pseudomonas",NA
"ASV573","Bacteria","Proteobacteria","Gammaproteobacteria","Pseudomonadales","Pseudomonadaceae","Pseudomonas",NA
"ASV634","Bacteria","Proteobacteria","Gammaproteobacteria","Pseudomonadales","Pseudomonadaceae","Pseudomonas",NA
"ASV388","Bacteria","Proteobacteria","Gammaproteobacteria","Pseudomonadales","Pseudomonadaceae","Pseudomonas",NA
"ASV455","Bacteria","Proteobacteria","Gammaproteobacteria","Pseudomonadales","Pseudomonadaceae","Pseudomonas",NA
"ASV315","Bacteria","Proteobacteria","Gammaproteobacteria","Pseudomonadales","Pseudomonadaceae","Pseudomonas",NA
"ASV517","Bacteria","Proteobacteria","Gammaproteobacteria","Pseudomonadales","Moraxellaceae","Psychrobacter",NA
"ASV579","Bacteria","Proteobacteria","Gammaproteobacteria","Pseudomonadales","Moraxellaceae","Moraxella",NA
"ASV481","Bacteria","Proteobacteria","Gammaproteobacteria","Vibrionales","Vibrionaceae","Vibrio",NA
"ASV181","Bacteria","Proteobacteria","Gammaproteobacteria","Aeromonadales","Succinivibrionaceae","Anaerobiospirillum",NA
"ASV279","Bacteria","Proteobacteria","Gammaproteobacteria","Aeromonadales","Succinivibrionaceae","Anaerobiospirillum",NA
"ASV142","Bacteria","Proteobacteria","Gammaproteobacteria","Aeromonadales","Succinivibrionaceae","Succinivibrio",NA
"ASV888","Bacteria","Proteobacteria","Gammaproteobacteria","Aeromonadales","Succinivibrionaceae","Succinivibrio",NA
"ASV534","Bacteria","Proteobacteria","Gammaproteobacteria","Enterobacteriales","Enterobacteriaceae","Salmonella",NA
"ASV318","Bacteria","Proteobacteria","Gammaproteobacteria","Enterobacteriales","Enterobacteriaceae","Citrobacter",NA
"ASV280","Bacteria","Proteobacteria","Gammaproteobacteria","Enterobacteriales","Enterobacteriaceae","Buttiauxella",NA
"ASV56","Bacteria","Proteobacteria","Gammaproteobacteria","Enterobacteriales","Enterobacteriaceae","Escherichia/Shigella",NA
"ASV681","Bacteria","Proteobacteria","Gammaproteobacteria","Enterobacteriales","Enterobacteriaceae","Hafnia","alvei"
"ASV656","Bacteria","Proteobacteria","Gammaproteobacteria","Enterobacteriales","Enterobacteriaceae","Providencia",NA
"ASV360","Bacteria","Proteobacteria","Gammaproteobacteria","Enterobacteriales","Enterobacteriaceae","Serratia",NA
"ASV814","Bacteria","Proteobacteria","Gammaproteobacteria","Pseudomonadales","Moraxellaceae","Acinetobacter",NA
"ASV90","Bacteria","Proteobacteria","Gammaproteobacteria","Pseudomonadales","Moraxellaceae","Acinetobacter","radioresistens"
"ASV309","Bacteria","Proteobacteria","Gammaproteobacteria","Pseudomonadales","Moraxellaceae","Acinetobacter","lwoffii"
"ASV791","Bacteria","Proteobacteria","Gammaproteobacteria","Xanthomonadales","Xanthomonadaceae","Ignatzschineria",NA
"ASV704","Bacteria","Proteobacteria","Gammaproteobacteria","Xanthomonadales","Xanthomonadaceae","Thermomonas",NA
"ASV421","Bacteria","Proteobacteria","Gammaproteobacteria","Xanthomonadales","Xanthomonadaceae","Luteimonas",NA
"ASV935","Bacteria","Proteobacteria","Gammaproteobacteria","Xanthomonadales","Xanthomonadaceae","Lysobacter",NA
"ASV373","Bacteria","Proteobacteria","Gammaproteobacteria","Xanthomonadales","Xanthomonadaceae","Lysobacter",NA
"ASV372","Bacteria","Proteobacteria","Gammaproteobacteria","Xanthomonadales","Xanthomonadaceae","Lysobacter",NA
"ASV300","Bacteria","Proteobacteria","Epsilonproteobacteria","Campylobacterales","Helicobacteraceae","Helicobacter","canis"
"ASV79","Bacteria","Proteobacteria","Epsilonproteobacteria","Campylobacterales","Campylobacteraceae","Campylobacter",NA
"ASV282","Bacteria","Proteobacteria","Epsilonproteobacteria","Campylobacterales","Campylobacteraceae","Campylobacter","upsaliensis"
"ASV863","Bacteria","Candidatus_Saccharibacteria",NA,NA,NA,NA,NA
"ASV832","Bacteria","Candidatus_Saccharibacteria",NA,NA,NA,NA,NA
"ASV596","Bacteria","Candidatus_Saccharibacteria",NA,NA,NA,NA,NA
"ASV235","Bacteria","Firmicutes","Clostridia","Clostridiales","Lachnospiraceae","Clostridium_XlVb",NA
"ASV1005","Bacteria","Firmicutes","Clostridia","Clostridiales","Lachnospiraceae","Clostridium_XlVb",NA
"ASV98","Bacteria","Firmicutes","Clostridia","Clostridiales","Lachnospiraceae","Clostridium_XlVb",NA
"ASV393","Bacteria","Firmicutes","Clostridia","Clostridiales","Lachnospiraceae","Clostridium_XlVb",NA
"ASV522","Bacteria","Firmicutes","Clostridia","Clostridiales","Lachnospiraceae","Clostridium_XlVb",NA
"ASV32","Bacteria","Firmicutes","Clostridia","Clostridiales","Ruminococcaceae","Acetivibrio",NA
"ASV67","Bacteria","Firmicutes","Clostridia","Clostridiales","Ruminococcaceae",NA,NA
"ASV49","Bacteria","Firmicutes","Clostridia","Clostridiales","Ruminococcaceae",NA,NA
"ASV193","Bacteria","Firmicutes","Clostridia","Clostridiales","Ruminococcaceae",NA,NA
"ASV202","Bacteria","Firmicutes","Clostridia","Clostridiales","Ruminococcaceae","Anaerobacterium",NA
"ASV190","Bacteria","Firmicutes","Clostridia","Clostridiales","Ruminococcaceae",NA,NA
"ASV411","Bacteria","Firmicutes","Clostridia","Clostridiales","Ruminococcaceae","Anaerobacterium",NA
"ASV1004","Bacteria","Firmicutes","Clostridia","Clostridiales",NA,NA,NA
"ASV211","Bacteria","Firmicutes","Clostridia","Clostridiales",NA,NA,NA
"ASV723","Bacteria","Firmicutes","Clostridia","Clostridiales","Ruminococcaceae",NA,NA
"ASV378","Bacteria","Firmicutes","Clostridia","Clostridiales","Ruminococcaceae",NA,NA
"ASV479","Bacteria","Firmicutes","Clostridia","Clostridiales","Ruminococcaceae",NA,NA
"ASV57","Bacteria","Firmicutes","Clostridia","Clostridiales","Ruminococcaceae",NA,NA
"ASV128","Bacteria","Firmicutes","Clostridia","Clostridiales","Ruminococcaceae",NA,NA
"ASV285","Bacteria","Firmicutes","Clostridia","Clostridiales","Ruminococcaceae","Subdoligranulum",NA
"ASV119","Bacteria","Firmicutes","Clostridia","Clostridiales","Ruminococcaceae","Faecalibacterium","prausnitzii"
"ASV509","Bacteria","Firmicutes","Clostridia","Clostridiales","Ruminococcaceae","Butyricicoccus",NA
"ASV215","Bacteria","Firmicutes","Clostridia","Clostridiales","Ruminococcaceae","Butyricicoccus",NA
"ASV226","Bacteria","Firmicutes","Clostridia","Clostridiales","Ruminococcaceae","Butyricicoccus",NA
"ASV930","Bacteria","Firmicutes","Clostridia","Clostridiales","Ruminococcaceae","Butyricicoccus",NA
"ASV126","Bacteria","Firmicutes","Clostridia","Clostridiales","Ruminococcaceae","Butyricicoccus",NA
"ASV335","Bacteria","Firmicutes","Clostridia","Clostridiales","Ruminococcaceae","Butyricicoccus",NA
"ASV536","Bacteria","Firmicutes","Clostridia","Clostridiales","Ruminococcaceae","Butyricicoccus",NA
"ASV416","Bacteria","Firmicutes","Clostridia","Clostridiales","Ruminococcaceae",NA,NA
"ASV392","Bacteria","Firmicutes","Clostridia","Clostridiales","Ruminococcaceae","Clostridium_IV",NA
"ASV184","Bacteria","Firmicutes","Clostridia","Clostridiales","Ruminococcaceae",NA,NA
"ASV19","Bacteria","Firmicutes","Clostridia","Clostridiales","Ruminococcaceae","Clostridium_IV",NA
"ASV617","Bacteria","Firmicutes","Clostridia","Clostridiales","Ruminococcaceae","Anaerotruncus",NA
"ASV439","Bacteria","Firmicutes","Clostridia","Clostridiales","Ruminococcaceae","Acetanaerobacterium",NA
"ASV797","Bacteria","Firmicutes","Clostridia","Clostridiales","Ruminococcaceae","Clostridium_IV",NA
"ASV1243","Bacteria","Firmicutes","Clostridia","Clostridiales","Ruminococcaceae","Clostridium_IV",NA
"ASV294","Bacteria","Firmicutes","Clostridia","Clostridiales","Ruminococcaceae",NA,NA
"ASV454","Bacteria","Firmicutes","Clostridia","Clostridiales","Ruminococcaceae",NA,NA
"ASV856","Bacteria","Firmicutes","Clostridia","Clostridiales","Ruminococcaceae","Clostridium_IV",NA
"ASV141","Bacteria","Firmicutes","Clostridia","Clostridiales","Ruminococcaceae","Clostridium_IV",NA
"ASV724","Bacteria","Firmicutes","Clostridia","Clostridiales","Ruminococcaceae","Clostridium_IV",NA
"ASV553","Bacteria","Firmicutes","Clostridia","Clostridiales","Ruminococcaceae",NA,NA
"ASV237","Bacteria","Firmicutes","Clostridia","Clostridiales","Ruminococcaceae","Clostridium_III",NA
"ASV120","Bacteria","Firmicutes","Clostridia","Clostridiales","Ruminococcaceae","Oscillibacter",NA
"ASV137","Bacteria","Firmicutes","Clostridia","Clostridiales","Ruminococcaceae","Oscillibacter",NA
"ASV124","Bacteria","Firmicutes","Clostridia","Clostridiales","Ruminococcaceae","Oscillibacter",NA
"ASV858","Bacteria","Firmicutes","Clostridia","Clostridiales","Ruminococcaceae","Oscillibacter",NA
"ASV456","Bacteria","Firmicutes","Clostridia","Clostridiales","Ruminococcaceae","Oscillibacter",NA
"ASV498","Bacteria","Firmicutes","Clostridia","Clostridiales","Ruminococcaceae","Oscillibacter",NA
"ASV842","Bacteria","Firmicutes","Clostridia","Clostridiales","Ruminococcaceae","Oscillibacter",NA
"ASV516","Bacteria","Firmicutes","Clostridia","Clostridiales","Ruminococcaceae","Pseudoflavonifractor",NA
"ASV249","Bacteria","Firmicutes","Clostridia","Clostridiales","Ruminococcaceae","Flavonifractor",NA
"ASV326","Bacteria","Firmicutes","Clostridia","Clostridiales","Ruminococcaceae","Flavonifractor","plautii"
"ASV594","Bacteria","Firmicutes","Clostridia","Clostridiales","Ruminococcaceae","Pseudoflavonifractor",NA
"ASV203","Bacteria","Firmicutes","Clostridia","Clostridiales","Ruminococcaceae","Intestinimonas",NA
"ASV101","Bacteria","Firmicutes","Clostridia","Clostridiales","Ruminococcaceae","Flavonifractor",NA
"ASV208","Bacteria","Firmicutes","Clostridia","Clostridiales","Ruminococcaceae","Oscillibacter",NA
"ASV420","Bacteria","Firmicutes","Clostridia","Clostridiales","Ruminococcaceae","Oscillibacter",NA
"ASV733","Bacteria","Firmicutes","Clostridia","Clostridiales","Ruminococcaceae","Flavonifractor",NA
"ASV78","Bacteria","Firmicutes","Clostridia","Clostridiales","Ruminococcaceae","Sporobacter",NA
"ASV26","Bacteria","Firmicutes","Clostridia","Clostridiales","Ruminococcaceae","Sporobacter",NA
"ASV357","Bacteria","Firmicutes","Clostridia","Clostridiales","Ruminococcaceae","Sporobacter",NA
"ASV606","Bacteria","Firmicutes","Bacilli","Lactobacillales","Lactobacillaceae","Lactobacillus",NA
"ASV328","Bacteria","Firmicutes","Bacilli","Lactobacillales","Leuconostocaceae","Leuconostoc","gelidum"
"ASV332","Bacteria","Firmicutes","Bacilli","Lactobacillales","Leuconostocaceae","Leuconostoc",NA
"ASV671","Bacteria","Firmicutes","Bacilli","Lactobacillales","Lactobacillaceae","Pediococcus",NA
"ASV149","Bacteria","Firmicutes","Bacilli","Lactobacillales","Lactobacillaceae","Lactobacillus",NA
"ASV471","Bacteria","Firmicutes","Bacilli","Lactobacillales","Lactobacillaceae","Lactobacillus","ingluviei"
"ASV873","Bacteria","Firmicutes","Bacilli","Lactobacillales","Lactobacillaceae","Lactobacillus",NA
"ASV243","Bacteria","Firmicutes","Bacilli","Lactobacillales","Lactobacillaceae","Lactobacillus",NA
"ASV209","Bacteria","Firmicutes","Bacilli","Lactobacillales","Lactobacillaceae","Lactobacillus",NA
"ASV323","Bacteria","Firmicutes","Bacilli","Lactobacillales","Lactobacillaceae","Lactobacillus",NA
"ASV307","Bacteria","Firmicutes","Bacilli","Lactobacillales","Lactobacillaceae","Lactobacillus",NA
"ASV387","Bacteria","Firmicutes","Bacilli","Lactobacillales","Lactobacillaceae","Lactobacillus","agilis"
"ASV453","Bacteria","Firmicutes","Bacilli","Lactobacillales","Lactobacillaceae","Lactobacillus",NA
"ASV191","Bacteria","Firmicutes","Bacilli","Lactobacillales","Lactobacillaceae","Lactobacillus",NA
"ASV146","Bacteria","Firmicutes","Bacilli","Lactobacillales","Lactobacillaceae","Lactobacillus","aviarius"
"ASV405","Bacteria","Firmicutes","Bacilli","Lactobacillales","Lactobacillaceae","Lactobacillus",NA
"ASV1483","Bacteria","Firmicutes","Bacilli","Lactobacillales","Streptococcaceae","Streptococcus",NA
"ASV138","Bacteria","Firmicutes","Bacilli","Lactobacillales","Streptococcaceae","Streptococcus",NA
"ASV314","Bacteria","Firmicutes","Bacilli","Lactobacillales","Streptococcaceae","Streptococcus",NA
"ASV305","Bacteria","Firmicutes","Bacilli","Lactobacillales","Streptococcaceae","Streptococcus","orisasini"
"ASV91","Bacteria","Firmicutes","Bacilli","Lactobacillales","Streptococcaceae","Streptococcus",NA
"ASV620","Bacteria","Firmicutes","Bacilli","Lactobacillales","Streptococcaceae","Streptococcus",NA
"ASV1084","Bacteria","Firmicutes","Bacilli","Lactobacillales","Streptococcaceae","Streptococcus",NA
"ASV487","Bacteria","Firmicutes","Bacilli","Lactobacillales","Streptococcaceae","Streptococcus",NA
"ASV754","Bacteria","Firmicutes","Bacilli","Lactobacillales","Streptococcaceae","Streptococcus",NA
"ASV425","Bacteria","Firmicutes","Bacilli","Lactobacillales","Streptococcaceae","Streptococcus",NA
"ASV231","Bacteria","Firmicutes","Bacilli","Lactobacillales","Streptococcaceae","Lactococcus",NA
"ASV212","Bacteria","Firmicutes","Bacilli","Lactobacillales","Streptococcaceae","Lactococcus",NA
"ASV166","Bacteria","Fusobacteria","Fusobacteriia","Fusobacteriales","Fusobacteriaceae","Fusobacterium",NA
"ASV170","Bacteria","Fusobacteria","Fusobacteriia","Fusobacteriales","Fusobacteriaceae","Fusobacterium",NA
"ASV1","Bacteria","Fusobacteria","Fusobacteriia","Fusobacteriales","Fusobacteriaceae","Fusobacterium",NA
"ASV60","Bacteria","Fusobacteria","Fusobacteriia","Fusobacteriales","Fusobacteriaceae","Fusobacterium",NA
"ASV131","Bacteria","Fusobacteria","Fusobacteriia","Fusobacteriales","Fusobacteriaceae","Fusobacterium",NA
"ASV59","Bacteria","Fusobacteria","Fusobacteriia","Fusobacteriales","Fusobacteriaceae","Fusobacterium",NA
"ASV171","Bacteria","Fusobacteria","Fusobacteriia","Fusobacteriales","Fusobacteriaceae","Fusobacterium",NA
"ASV267","Bacteria","Fusobacteria","Fusobacteriia","Fusobacteriales","Fusobacteriaceae","Fusobacterium",NA
"ASV352","Bacteria","Fusobacteria","Fusobacteriia","Fusobacteriales","Fusobacteriaceae","Fusobacterium",NA
"ASV29","Bacteria","Fusobacteria","Fusobacteriia","Fusobacteriales","Fusobacteriaceae","Fusobacterium",NA
"ASV333","Bacteria","Fusobacteria","Fusobacteriia","Fusobacteriales","Fusobacteriaceae","Fusobacterium",NA
"ASV408","Bacteria","Fusobacteria","Fusobacteriia","Fusobacteriales","Fusobacteriaceae","Fusobacterium",NA
"ASV395","Bacteria","Fusobacteria","Fusobacteriia","Fusobacteriales","Fusobacteriaceae","Cetobacterium",NA
"ASV486","Bacteria","Fusobacteria","Fusobacteriia","Fusobacteriales","Fusobacteriaceae","Cetobacterium","somerae"
"ASV593","Bacteria","Fusobacteria","Fusobacteriia","Fusobacteriales","Fusobacteriaceae","Fusobacterium",NA
"ASV145","Bacteria","Fusobacteria","Fusobacteriia","Fusobacteriales","Fusobacteriaceae","Fusobacterium",NA
"ASV9","Bacteria","Fusobacteria","Fusobacteriia","Fusobacteriales","Fusobacteriaceae","Fusobacterium",NA
"ASV343","Bacteria","Fusobacteria","Fusobacteriia","Fusobacteriales","Fusobacteriaceae","Fusobacterium",NA
"ASV287","Bacteria","Fusobacteria","Fusobacteriia","Fusobacteriales","Fusobacteriaceae","Fusobacterium",NA
"ASV199","Bacteria","Fusobacteria","Fusobacteriia","Fusobacteriales","Fusobacteriaceae","Fusobacterium",NA
"ASV18","Bacteria","Fusobacteria","Fusobacteriia","Fusobacteriales","Fusobacteriaceae","Fusobacterium",NA
"ASV143","Bacteria","Fusobacteria","Fusobacteriia","Fusobacteriales","Fusobacteriaceae","Fusobacterium",NA
"ASV337","Bacteria","Fusobacteria","Fusobacteriia","Fusobacteriales","Fusobacteriaceae","Fusobacterium",NA
"ASV82","Bacteria","Fusobacteria","Fusobacteriia","Fusobacteriales","Fusobacteriaceae","Fusobacterium",NA
"ASV173","Bacteria","Fusobacteria","Fusobacteriia","Fusobacteriales","Fusobacteriaceae","Fusobacterium",NA
"ASV43","Bacteria","Fusobacteria","Fusobacteriia","Fusobacteriales","Fusobacteriaceae","Fusobacterium",NA
"ASV376","Bacteria","Fusobacteria","Fusobacteriia","Fusobacteriales","Fusobacteriaceae","Fusobacterium",NA
"ASV83","Bacteria","Fusobacteria","Fusobacteriia","Fusobacteriales","Fusobacteriaceae","Fusobacterium",NA
"ASV125","Bacteria","Fusobacteria","Fusobacteriia","Fusobacteriales","Fusobacteriaceae","Fusobacterium",NA
"ASV474","Bacteria","Firmicutes","Clostridia","Clostridiales","Lachnospiraceae",NA,NA
"ASV356","Bacteria","Firmicutes","Clostridia","Clostridiales","Lachnospiraceae","Coprococcus",NA
"ASV269","Bacteria","Firmicutes","Clostridia","Clostridiales","Lachnospiraceae","Coprococcus",NA
"ASV76","Bacteria","Firmicutes","Clostridia","Clostridiales","Lachnospiraceae",NA,NA
"ASV63","Bacteria","Firmicutes","Clostridia","Clostridiales","Lachnospiraceae","Clostridium_XlVa",NA
"ASV304","Bacteria","Firmicutes","Clostridia","Clostridiales","Lachnospiraceae","Clostridium_XlVa",NA
"ASV1605","Bacteria","Firmicutes","Clostridia","Clostridiales","Lachnospiraceae","Clostridium_XlVa",NA
"ASV153","Bacteria","Firmicutes","Clostridia","Clostridiales","Lachnospiraceae",NA,NA
"ASV198","Bacteria","Firmicutes","Clostridia","Clostridiales","Lachnospiraceae","Roseburia",NA
"ASV256","Bacteria","Firmicutes","Clostridia","Clostridiales","Lachnospiraceae",NA,NA
"ASV296","Bacteria","Firmicutes","Clostridia","Clostridiales","Lachnospiraceae","Clostridium_XlVa",NA
"ASV161","Bacteria","Firmicutes","Clostridia","Clostridiales","Lachnospiraceae",NA,NA
"ASV109","Bacteria","Firmicutes","Clostridia","Clostridiales","Lachnospiraceae","Clostridium_XlVa","glycyrrhizinilyticum"
"ASV210","Bacteria","Firmicutes","Clostridia","Clostridiales","Lachnospiraceae","Clostridium_XlVa",NA
"ASV36","Bacteria","Firmicutes","Clostridia","Clostridiales","Lachnospiraceae",NA,NA
"ASV230","Bacteria","Firmicutes","Clostridia","Clostridiales","Lachnospiraceae",NA,NA
"ASV236","Bacteria","Firmicutes","Clostridia","Clostridiales","Lachnospiraceae",NA,NA
"ASV599","Bacteria","Firmicutes","Clostridia","Clostridiales","Lachnospiraceae",NA,NA
"ASV359","Bacteria","Firmicutes","Clostridia","Clostridiales","Lachnospiraceae","Blautia",NA
"ASV192","Bacteria","Firmicutes","Clostridia","Clostridiales","Lachnospiraceae","Blautia",NA
"ASV340","Bacteria","Firmicutes","Clostridia","Clostridiales","Lachnospiraceae","Blautia",NA
"ASV162","Bacteria","Firmicutes","Clostridia","Clostridiales","Lachnospiraceae","Blautia",NA
"ASV263","Bacteria","Firmicutes","Clostridia","Clostridiales","Lachnospiraceae","Blautia",NA
"ASV113","Bacteria","Firmicutes","Clostridia","Clostridiales","Lachnospiraceae","Blautia","glucerasea"
"ASV17","Bacteria","Firmicutes","Clostridia","Clostridiales","Lachnospiraceae","Blautia",NA
"ASV160","Bacteria","Firmicutes","Clostridia","Clostridiales","Lachnospiraceae","Blautia",NA
"ASV118","Bacteria","Firmicutes","Clostridia","Clostridiales","Lachnospiraceae","Blautia",NA
"ASV301","Bacteria","Firmicutes","Clostridia","Clostridiales","Lachnospiraceae","Blautia",NA
"ASV111","Bacteria","Firmicutes","Clostridia","Clostridiales","Lachnospiraceae","Blautia",NA
"ASV224","Bacteria","Firmicutes","Clostridia","Clostridiales","Lachnospiraceae","Blautia",NA
"ASV412","Bacteria","Firmicutes","Clostridia","Clostridiales","Lachnospiraceae","Blautia",NA
"ASV100","Bacteria","Firmicutes","Clostridia","Clostridiales","Lachnospiraceae","Blautia",NA
"ASV484","Bacteria","Firmicutes","Clostridia","Clostridiales","Lachnospiraceae","Blautia",NA
"ASV244","Bacteria","Firmicutes","Clostridia","Clostridiales","Lachnospiraceae","Blautia",NA
"ASV33","Bacteria","Firmicutes","Clostridia","Clostridiales","Lachnospiraceae","Blautia","hansenii"
"ASV84","Bacteria","Firmicutes","Clostridia","Clostridiales","Lachnospiraceae","Blautia",NA
"ASV492","Bacteria","Firmicutes","Clostridia","Clostridiales","Lachnospiraceae",NA,NA
"ASV805","Bacteria","Firmicutes","Clostridia","Clostridiales","Lachnospiraceae","Clostridium_XlVa",NA
"ASV1040","Bacteria","Firmicutes","Clostridia","Clostridiales","Lachnospiraceae",NA,NA
"ASV172","Bacteria","Firmicutes","Clostridia","Clostridiales","Lachnospiraceae",NA,NA
"ASV233","Bacteria","Firmicutes","Clostridia","Clostridiales","Lachnospiraceae",NA,NA
"ASV662","Bacteria","Firmicutes","Clostridia","Clostridiales","Lachnospiraceae","Clostridium_XlVa",NA
"ASV94","Bacteria","Firmicutes","Clostridia","Clostridiales","Lachnospiraceae","Clostridium_XlVa",NA
"ASV97","Bacteria","Firmicutes","Clostridia","Clostridiales","Lachnospiraceae","Clostridium_XlVa",NA
"ASV321","Bacteria","Firmicutes","Clostridia","Clostridiales","Lachnospiraceae","Clostridium_XlVa",NA
"ASV441","Bacteria","Firmicutes","Clostridia","Clostridiales","Lachnospiraceae","Clostridium_XlVa",NA
"ASV239","Bacteria","Firmicutes","Clostridia","Clostridiales","Lachnospiraceae","Clostridium_XlVa",NA
"ASV770","Bacteria","Firmicutes","Clostridia","Clostridiales","Lachnospiraceae","Clostridium_XlVa",NA
"ASV452","Bacteria","Firmicutes","Clostridia","Clostridiales","Lachnospiraceae","Clostridium_XlVa",NA
"ASV297","Bacteria","Firmicutes","Clostridia","Clostridiales","Lachnospiraceae","Eisenbergiella",NA
"ASV182","Bacteria","Firmicutes","Clostridia","Clostridiales","Lachnospiraceae","Eisenbergiella",NA
"ASV310","Bacteria","Firmicutes","Clostridia","Clostridiales","Lachnospiraceae","Eisenbergiella",NA
"ASV386","Bacteria","Firmicutes","Clostridia","Clostridiales","Lachnospiraceae","Clostridium_XlVa",NA
"ASV721","Bacteria","Firmicutes","Clostridia","Clostridiales","Lachnospiraceae",NA,NA
"ASV666","Bacteria","Firmicutes","Clostridia","Clostridiales","Lachnospiraceae","Clostridium_XlVa",NA
"ASV260","Bacteria","Firmicutes","Clostridia","Clostridiales","Lachnospiraceae","Ruminococcus2",NA
"ASV495","Bacteria","Firmicutes","Clostridia","Clostridiales","Lachnospiraceae","Ruminococcus2",NA
"ASV75","Bacteria","Firmicutes","Clostridia","Clostridiales","Lachnospiraceae",NA,NA
"ASV147","Bacteria","Firmicutes","Clostridia","Clostridiales","Lachnospiraceae",NA,NA
"ASV221","Bacteria","Firmicutes","Clostridia","Clostridiales","Lachnospiraceae",NA,NA
"ASV394","Bacteria","Firmicutes","Clostridia","Clostridiales","Lachnospiraceae",NA,NA
"ASV179","Bacteria","Firmicutes","Clostridia","Clostridiales","Lachnospiraceae","Blautia",NA
"ASV381","Bacteria","Firmicutes","Clostridia","Clostridiales","Lachnospiraceae","Blautia",NA
"ASV156","Bacteria","Firmicutes","Clostridia","Clostridiales","Lachnospiraceae","Blautia",NA
"ASV139","Bacteria","Firmicutes","Clostridia","Clostridiales","Lachnospiraceae","Blautia",NA
"ASV346","Bacteria","Firmicutes","Clostridia","Clostridiales","Lachnospiraceae","Blautia",NA
"ASV603","Bacteria","Firmicutes","Clostridia","Clostridiales","Lachnospiraceae","Blautia",NA
"ASV806","Bacteria","Firmicutes","Clostridia","Clostridiales","Lachnospiraceae","Blautia",NA
"ASV180","Bacteria","Firmicutes","Clostridia","Clostridiales","Lachnospiraceae","Blautia",NA
"ASV274","Bacteria","Firmicutes","Clostridia","Clostridiales","Lachnospiraceae","Blautia",NA
"ASV28","Bacteria","Firmicutes","Clostridia","Clostridiales","Lachnospiraceae","Ruminococcus2",NA
"ASV151","Bacteria","Firmicutes","Clostridia","Clostridiales","Lachnospiraceae","Ruminococcus2",NA
